{
  "game": "Vice Heist",
  "version": "1.0.0",
  "simulation": {
    "paid_spins": 1000000,
    "free_spins": 382945,
    "total_spins": 1382945,
    "bet_per_line": 1.0,
    "total_bet_per_spin": 20.0,
    "num_paylines": 20
  },
  "results": {
    "total_bet": 20000000.0,
    "total_win": 7106120.0,
    "payline_win": 4946900.0,
    "scatter_win": 2159220.0,
    "rtp": 0.355306,
    "rtp_percent": 35.5306,
    "hit_rate": 0.286334,
    "hit_rate_percent": 28.6334,
    "free_spin_triggers": 26433,
    "free_spins_per_trigger": 14.49
  },
  "symbol_win_frequency": {
    "MASK": {
      "3": 66629,
      "4": 8177,
      "5": 1447
    },
    "GUN": {
      "3": 66671,
      "4": 8315,
      "5": 1446
    },
    "JACK": {
      "4": 32651,
      "3": 201120,
      "5": 9515
    },
    "QUEEN": {
      "3": 106577,
      "4": 15540,
      "5": 3297
    },
    "ACE": {
      "3": 77746,
      "4": 11856,
      "5": 2083
    },
    "KING": {
      "3": 77776,
      "4": 11852,
      "5": 2099
    },
    "SAFE": {
      "3": 37362,
      "4": 3812,
      "5": 550
    },
    "FEMME": {
      "3": 37301,
      "4": 3743,
      "5": 546
    },
    "BOSS": {
      "3": 17352,
      "4": 1494,
      "5": 152
    },
    "WILD": {
      "5": 2
    }
  },
  "elapsed_seconds": 23.76,
  "generated_at": "2026-07-07T15:53:47.374997Z"
}